{
  "visiont": [
    "6283141376098@s.whatsapp.net",
    "855969437541@s.whatsapp.net"
  ],
  "deepl": [
    "6283198381959@s.whatsapp.net",
    "6285176733694@s.whatsapp.net"
  ],
  "netf1u": [
    "6282137662071@s.whatsapp.net",
    "6285156093945@s.whatsapp.net",
    "6287837161165@s.whatsapp.net",
    "6285640475391@s.whatsapp.net",
    "6281803501282@s.whatsapp.net",
    "6281220224582@s.whatsapp.net"
  ],
  "netfpriv": [
    "6282333359222@s.whatsapp.net",
    "6285714133324@s.whatsapp.net"
  ],
  "vidio": [
    "62857612588174@s.whatsapp.net"
  ],
  "cc7": [
    "6283103980191@s.whatsapp.net"
  ],
  "10dropvcc1th": [
    "6288996965652@s.whatsapp.net"
  ],
  "3dropvcc2b": [
    "6282226000021@s.whatsapp.net",
    "6281293063326@s.whatsapp.net"
  ],
  "3droppp1th": [
    "6289607968893@s.whatsapp.net",
    "6282317838084@s.whatsapp.net"
  ],
  "10droppp1th": [
    "6282317838084@s.whatsapp.net"
  ],
  "ghsb": [
    "6281251787686@s.whatsapp.net"
  ],
  "ghsf": [
    "6281251787686@s.whatsapp.net"
  ]
}